isbn,title,author,title-original,series,series-original,entry,language,version
9781072730033,Dragon Oracle Omnibus,Jada Fisher,,Dragon Oracle,,1-3,English,physical
9781405917650,Dreamwalker,James Oswald,,The Ballad of Sir Benfro,,1,English,physical
9781408883358,The Priority of the Orange Tree,Samantha Shannon,,The Roots of Chaos,,1,English,physical
9781509879502,The Ruin of Kings,Jenn Lyons,,A Chorus of Dragons,,1,English,physical
9781564148681,Dragonlore: From the Archives of the Grey School of Wizardry,Ashley Dekirk,,,,,English,physical
9781502711434,Dawn of Dragons: The Complete Trilogy,Daniel Arenson,,Dawn of Dragons,,1-3,English,physical
9788409284337,Into the Territory of Dragons,Juan Arrabal Hern�ndez,,,,,English,physical
9781626928855,"Dragon Goes House-Hunting, Vol. 1",Kawo Tanuki,,Dragon Goes House-Hunting,,1,English,physical
9781626929791,"Dragon Goes House-Hunting, Vol. 2",Kawo Tanuki,,Dragon Goes House-Hunting,,2,English,physical
9781642750928,"Dragon Goes House-Hunting, Vol. 3",Kawo Tanuki,,Dragon Goes House-Hunting,,3,English,physical
9789490767020,Gebonden in Duister,Kim ten Tusscher,,Lilith,,1,Dutch,physical
9789460860188,Verbroken in Schemer,Kim ten Tusscher,,Lilith,,2,Dutch,physical
9789490767037,Geboren in Licht,Kim ten Tusscher,,Lilith,,3,Dutch,physical
9789024562541,Drakenkoningin,An Janssens,,Draken-trilogie,,1,Dutch,physical
9789024567768,Drakenvuur,An Janssens,,Draken-trilogie,,2,Dutch,physical
9789024564743,Drakentovenaar,An Janssens,,Draken-trilogie,,3,Dutch,physical
9789026158063,Het oneindige verhaal,Michael Ende,Die unendliche geschichte,,,,Dutch,physical
9789491300806,Zij Die Hoort,Patty van Delft,,Drägan Duma,,1,Dutch,physical
9789491300912,Bondgenoten & Verraders,Patty van Delft,,Drägan Duma,,2,Dutch,physical
9789491300974,Het Zwarte Kristal,Patty van Delft,,Drägan Duma,,3,Dutch,physical
9789493158221,Een Onbreekbare Band,Patty van Delft,,Drägan Duma,,4,Dutch,physical
9780099477464,Brave New World,Aldous Huxley,,,,,English,physical
9781789095319,Axiom's End,Lindsay Ellis,,Noumena,,1,English,physical
9781101965481,"A Song of Ice and Fire, Leather-Cloth Boxed Set ",George R.R. Martin,,A Song of Ice and Fire,,1-5,English,physical
9780307930675,"The Inheritance Cycle, 4-Book Hard Cover Boxed Set",Christopher Paolini,,The Inheritance Cycle,,1-4,English,physical
9789030580607,Minecraft: Redstone Handboek,Nick Farwell,Minecraft: Redstone Handbook,Minecraft Handboeken,Minecraft Handbooks,,Dutch,physical
9789030580270,Minecraft: Combat Handboek,Stephanie Milton,Minecraft: Combat Handbook,Minecraft Handboeken,Minecraft Handbooks,,Dutch,physical
9789030580379,Minecraft: Constructie Handboek,Matthew Needler,Minecraft: Construction Handbook,Minecraft Handboeken,Minecraft Handbooks,,Dutch,physical
9789026125690,Logboek van Bram Botermans,Jeff Kinney,Diary of a Wimpy Kid,Het leven van een Loser,Diary of a Wimpy Kid,1,Dutch,physical
9789026127830,Vette pech!,Jeff Kinney,Rodrick Rules,Het leven van een Loser,Diary of a Wimpy Kid,2,Dutch,physical
9789026195396,Bekijk het maar!,Jeff Kinney,The Last Straw,Het leven van een Loser,Diary of a Wimpy Kid,3,Dutch,physical
9789026132360,Een hondenleven,Jeff Kinney,Dog Days,Het leven van een Loser,Diary of a Wimpy Kid,4,Dutch,physical
9789026132377,Niet te doen!,Jeff Kinney,The Ugly Truth,Het leven van een Loser,Diary of a Wimpy Kid,5,Dutch,physical
9789026133480,Geen paniek!,Jeff Kinney,Cabin Fever,Het leven van een Loser,Diary of a Wimpy Kid,6,Dutch,physical
9789026134074,Zwaar de klos!,Jeff Kinney,The Third Wheel,Het leven van een Loser,Diary of a Wimpy Kid,7,Dutch,physical
9789026136382,Gedumpt,Jeff Kinney,Hard Luck,Het leven van een Loser,Diary of a Wimpy Kid,8,Dutch,physical
9789026138409,Flutvakantie,Jeff Kinney,The Long Haul,Het leven van een Loser,Diary of a Wimpy Kid,9,Dutch,physical
9789026135040,Niet te filmen!,Jeff Kinney,The Wimpy Kid Movie Diary,,,,Dutch,physical
9789020674118,Misty�s baby,Lucy Daniels,Under the Stars,Op zoek naar Dolfijnen,Dolphin Diaries,4,Dutch,physical
9789020674156,Gevaar!,Lucy Daniels,Following the Rainbow,Op zoek naar Dolfijnen,Dolphin Diaries,7,Dutch,physical
9789000325481,Steven Jobs de biografie,Walter Isaacson,Steve Jobs,,,,Dutch,physical
9789026134616,Guinness World Records 2014,,,Guinness World Records,,,Dutch,physical
9789026136498,Guinness World Records 2015,,,Guinness World Records,,,Dutch,physical
9789026140976,Guinness World Records 2017,,,Guinness World Records,,,Dutch,physical
9789026143519,Guinness World Records 2018,,,Guinness World Records,,,Dutch,physical
9789026146022,Guinness World Records 2019,,,Guinness World Records,,,Dutch,physical
9789076268477,De mooiste sprookjes en verhalen,Jakob Grimm,,,,,Dutch,physical
9781445444024,Ontdek de diepten van de oceaan,Sally Morgan,,,,,Dutch,physical
9789085744214,WALL-E,,,,,,Dutch,physical
9789086682188,3D dolfijnen en walvissen,,,,,,Dutch,physical
9789054280132,Donald Duck als Tourist,,,De beste verhalen van Donald Duck,,46,Dutch,physical
9789054616085,Schimmen in het Schedelschot,Geronimo Stilton,Il segreto del coraggio,Gi-ga-boeken,Supertopi,,Dutch,physical
9789059652101,Jij bent super� Jan!,,,,,,Dutch,physical
9789039622896,Taalgids Suits,,,,,,Dutch,physical
9780954300678,Logical Reasoning: A first course,,,,,,Dutch,physical
9781595827487,Avatar Free Comic Book Day 2011 (Avatar: The Last Airbender),Joseph Torres,,,,,,e-book
,City of Illusions,Kim ten Tusscher,,,,,,e-book
,De Beestige Brug,Willy Vandersteen,,,,,,e-book
,De Laatste Draak,Mike Jansen,,,,,,e-book
9789029541930,De stem,Jessica Durlacher,,,,,,e-book
,Design for Hackers: Reverse-Engineering Beauty,David Kadavy,,,,,,e-book
9781118430651,Designing the Internet of Things,"Adrian McEwen, Hakim Cassimally",,,,,,e-book
9789026356049,Dit leven is van jou,Tatiana de Rosnay,,,,,,e-book
,"The Dragon Blood Collection, Books 1-3",Lindsay Buroker,,,,,,e-book
,Dragon Heartbeats Box Set: Books 1-6,Ava Benton,,,,,,e-book
,Dragon Oracle Urban Fantasy Boxed Set (Dragon Oracle Complete Series: Books 1 - 9),Jada Fisher,,Dragon Oracle,,,,e-book
,"Dragonlands, Books 1 - 3: Hidden, Hunted, and Retribution",Megg Jensen,,,,,,e-book
9789029730259,Een tijd om nooit te vergeten,Jennifer Robson,,,,,,e-book
9781118654811,Evil By Design,Chris Nodder,,,,,,e-book
,Free Comic Book Day 2020 (Spider-Man/Venom) #1,Donny Cates & Jed MacKay,,,,,,e-book
9789026350924,Het sanatorium,Sarah Pearse,,,,,,e-book
9789402315370,Klaverblad,Floris Kleijne,,,,,,e-book
,Moon Kissed: Wolves of Midnight Bundle,Aimee Easterling & Stacy Claflin & S.M. Gaither & Raven Steele & Ava Mason,,,,,,e-book
9780198829195,Nineteen Eighty-Four,George Orwell,,,,,,e-book
,Omega Queen - Box Set Books #1-3 (Omega Queen Series),W. J. May,,,,,,e-book
9781980953906,Python: 3 Manuscripts in 1 book: - Python Programming For Beginners - Python Programming For Intermediates - Python Programming for Advanced,Maurice J. Thompson,,,,,,e-book
9781544922003,Raspberry Pi 3: New Users Programming Raspberry Pi 3 Guide With Raspberry Pi 3 Projects (Raspberry Pi 3 Programming),Josh Thompsons,,,,,,e-book
,Tante Biotica,Willy Vandersteen & Peter van Gucht & Luc Morjaeu,,,,,,e-book
,Treading on Python Series: Illustrated Guide to Python 3,Matt Harrison,,,,,,e-book
9781118240434,Usable Usability,Eric Reiss,,,,,,e-book
9789402761948,Valse getuige,Karin Slaughter,,,,,,e-book
9789402762112,Wedden dat ik blijf,Marijke Vos,,,,,,e-book
9789023960614,Zangvogels,Christy lefteri,,,,,,e-book
